,phrase,label,sentiment,subjectivity,language,count
Poland,,,,,,
Europe,,,,,,
US,,,,,,
Warsaw,,,,,,
Russia,,,,,,
Ukraine,,,,,,
Japan,,,,,,
Iran,,,,,,
USA,,,,,,
Italy,,,,,,
Lublin,,,,,,
France,,,,,,
the United States,,,,,,
Earth,,,,,,
Portugal,,,,,,
Wirtualna Polska,,,,,,
Greece,,,,,,
Venezuela,,,,,,
Spain,,,,,,
Greater Poland,,,,,,
Germany,,,,,,
Chernobyl,,,,,,
Sicily,,,,,,
Sweden,,,,,,
Netherlands,,,,,,
Switzerland,,,,,,
Dubai,,,,,,
Israel,,,,,,
the Middle East,,,,,,
China,,,,,,
the Baltic Sea,,,,,,
Krakow,,,,,,
the Czech Republic,,,,,,
Bydgoszcz,,,,,,
Lower Silesia,,,,,,
Argentina,,,,,,
Washington,,,,,,
Tehran,,,,,,
Moscow,,,,,,
Indonesia,,,,,,
Etna,,,,,,
Pomerania,,,,,,
Catania,,,,,,
Western Europe,,,,,,
London,,,,,,
Wołomin County,,,,,,
Gdynia,,,,,,
Hungary,,,,,,
Tuapse,,,,,,
Kiev,,,,,,
Roztocze,,,,,,
Ząbki,,,,,,
Belgium,,,,,,
the Vistula River,,,,,,
Słubice,,,,,,
Barcelona,,,,,,
the Tatra Mountains,,,,,,
the Strait of Hormuz,,,,,,
Masovia,,,,,,
Szczecin,,,,,,
Paris,,,,,,
Oslo,,,,,,
Bahrain,,,,,,
Texas,,,,,,
United States,,,,,,
Norway,,,,,,
Arctic,,,,,,
Romania,,,,,,
Cupertino,,,,,,
Szczawno,,,,,,
Lubuskie,,,,,,
Gliwice,,,,,,
the United Arab Emirates,,,,,,
Wilanów,,,,,,
Albania,,,,,,
Rome,,,,,,
Mexico,,,,,,
Legia,,,,,,
Lebanon,,,,,,
the Mediterranean Sea,,,,,,
Niscemi,,,,,,
Alps,,,,,,
Mars,,,,,,
Madrid,,,,,,
Poznań,,,,,,
Boston,,,,,,
Pskov,,,,,,
Eurovision,,,,,,
Toruń,,,,,,
Czersk,,,,,,
Kozienice,,,,,,
Katowice,,,,,,
Glasgow,,,,,,
Madagascar,,,,,,
Morocco,,,,,,
Radom,,,,,,
Skarżysko-Kamienna,,,,,,
New York,,,,,,
England,,,,,,
Florida,,,,,,
Mount Everest,,,,,,
Antarctica,,,,,,
Krasnodar Krai,,,,,,
New Zealand,,,,,,
Turkey,,,,,,
Warszawa,,,,,,
Taiwan,,,,,,
Africa,,,,,,
Belarus,,,,,,
Polska,,,,,,
PiS,,,,,,
the Republic of Poland,,,,,,
Międzylesie,,,,,,
Wirtualna Polska's,,,,,,
Milan,,,,,,
Budapest,,,,,,
The United Arab Emirates,,,,,,
Peru,,,,,,
Minas Gerais,,,,,,
Scandinavia,,,,,,
Miami,,,,,,
Naples,,,,,,
Hołownia,,,,,,
Bohemian Switzerland,,,,,,
Małopolska,,,,,,
Silesia,,,,,,
Afghanistan,,,,,,
El Niño,,,,,,
Pacific,,,,,,
Racibórz,,,,,,
Scotland,,,,,,
Slovakia,,,,,,
Algeria,,,,,,
Minneapolis,,,,,,
the Gulf of Oman,,,,,,
India,,,,,,
Neptune,,,,,,
Trikala,,,,,,
the Świętokrzyskie Voivodeship,,,,,,
Palowice,,,,,,
Taftan,,,,,,
Kuwait,,,,,,
America,,,,,,
the Moluccan Sea,,,,,,
The United States,,,,,,
Międzyleś,,,,,,
Charnów,,,,,,
Galach,,,,,,
Połaniec,,,,,,
Nawrocki,,,,,,
Brazil,,,,,,
Volgograd,,,,,,
Crete,,,,,,
Płock,,,,,,
Australia,,,,,,
Lubusz,,,,,,
barbecue,,,,,,
Gelderland,,,,,,
Hokkaido Prefecture,,,,,,
Hawaii,,,,,,
Georgia,,,,,,
Nepal,,,,,,
Pyrzowice,,,,,,
Alaska,,,,,,
Bytów,,,,,,
Puck,,,,,,
Kremlin,,,,,,
Oklahoma,,,,,,
Wągrowiec,,,,,,
Predazzo,,,,,,
Banzai,,,,,,
Centrum,,,,,,
Wawer,,,,,,
Dębica,,,,,,
Chimborazo,,,,,,
Atlantic,,,,,,
Kabul,,,,,,
Cuba,,,,,,
Prague,,,,,,
Saudi Arabia,,,,,,
Otodom,,,,,,
the Bieszczady Mountains,,,,,,
Beijing,,,,,,
Nevada,,,,,,
Manchester City,,,,,,
Morskie Oko,,,,,,
Polonia,,,,,,
Laos,,,,,,
RCB,,,,,,
Podlasie,,,,,,
Praga,,,,,,
Colorado,,,,,,
Pobierowo,,,,,,
Guatemala,,,,,,
Colombia,,,,,,
earth,,,,,,
Mokotów,,,,,,
Austria,,,,,,
Moldova,,,,,,
Lithuania,,,,,,
Atletico Madrid,,,,,,
Vietnam,,,,,,
UK,,,,,,
Suwałki,,,,,,
Balice,,,,,,
Haiti,,,,,,
Wadowice,,,,,,
Croatia,,,,,,
the Old Continent,,,,,,
Baltic Sea,,,,,,
Calabria,,,,,,
Atletico,,,,,,
Syria,,,,,,
Caribbean,,,,,,
Singapore,,,,,,
Tallinn,,,,,,
Hollywood,,,,,,
the Canary Islands,,,,,,
Bundeswehr,,,,,,
Podbrodzie,,,,,,
Volhynia,,,,,,
Skowieszyn,,,,,,
Lukashenko,,,,,,
Lasocki,,,,,,
Biłgoraj County (Lublin Voivodeship,,,,,,
Lidl,,,,,,
Khabarovsk,,,,,,
Viva Wyndham,,,,,,
Himalayas,,,,,,
Czarnek,,,,,,
UAE,,,,,,
the Lubuskie Province,,,,,,
Kr,,,,,,
The Baltic Sea,,,,,,
the Black Sea,,,,,,
East Coast,,,,,,
Chróścino,,,,,,
Omiš,,,,,,
Głuchołazy,,,,,,
Morawiecki,,,,,,
Nile,,,,,,
Moravia,,,,,,
Wschowa,,,,,,
the Arctic Ocean,,,,,,
the Strait of Hormuz area,,,,,,
El Nino,,,,,,
Hunga Tonga,,,,,,
Puławy,,,,,,
Upper Silesian,,,,,,
Roztoczański Park,,,,,,
Tibet,,,,,,
Mayotte,,,,,,
​​the Bay of Gdańsk,,,,,,
Mogilno,,,,,,
Zamość,,,,,,
Bavaria,,,,,,
the Józefów Forest District,,,,,,
​​fierce,,,,,,
the Earth-Moon,,,,,,
Konstancin-Jeziorna,,,,,,
Piaseczno,,,,,,
Częstochowa County,,,,,,
Hutki,,,,,,
the Indian Ocean,,,,,,
Częstochowa,,,,,,
Rybno (Gałdowski County,,,,,,
Rybno,,,,,,
Mauna Kea,,,,,,
Viking,,,,,,
Kampinos,,,,,,
Mount Erebus,,,,,,
Tonga,,,,,,
the Exclusion Zone,,,,,,
the Ukrainian Exclusion Zone,,,,,,
Los Mochis,,,,,,
Latvia,,,,,,
Alentejo,,,,,,
Yamal,,,,,,
the Plaza Fiesta Las Palmas,,,,,,
Huanggang,,,,,,
Philadelphia,,,,,,
Paraguay,,,,,,
Guinea,,,,,,
Kazakhstan,,,,,,
Slovenia,,,,,,
Kosiniak-Kamysz,,,,,,
Iceland,,,,,,
the Gaza Strip,,,,,,
Mykolaiv,,,,,,
Troy,,,,,,
the Far East-Europe,,,,,,
Guadalajara,,,,,,
South Korea,,,,,,
Mahabaleshwar,,,,,,
Ivory Coast,,,,,,
the Kamchatka Peninsula,,,,,,
Shiveluch,,,,,,
Cudnochy,,,,,,
Tricity,,,,,,
Chiapas,,,,,,
Starogard Gdański,,,,,,
Belgrade,,,,,,
Niebezpiecznik,,,,,,
Västmanland,,,,,,
Mazovia,,,,,,
Rhine,,,,,,
Danube,,,,,,
Lelowice,,,,,,
the Ryazan Oblast,,,,,,
Inter Miami,,,,,,
Czech Republic,,,,,,
Z,,,,,,
Dominicus Beach,,,,,,
Gazpromneft,,,,,,
Kumamoto Prefecture,,,,,,
Bayahibe,,,,,,
Missouri,,,,,,
Dominican Republic,,,,,,
Zielona Góra,,,,,,
Kumamoto,,,,,,
Kyushu,,,,,,
Curacao,,,,,,
Młoty,,,,,,
Mokotów district,,,,,,
South Pole,,,,,,
the Antarctic Peninsula,,,,,,
Po,,,,,,
Trzcianka,,,,,,
Ciepielówek,,,,,,
Malaga,,,,,,
Great Britain,,,,,,
Świdwin,,,,,,
May.,,,,,,
the Pacific Ocean,,,,,,
Xaisomboun province,,,,,,
Uruguay,,,,,,
the British Isles,,,,,,
Zakopianka,,,,,,
Kapotnia,,,,,,
Karkonoskie,,,,,,
Central Asia,,,,,,
Tomaszowice-Kolonia,,,,,,
Mogilany,,,,,,
KO,,,,,,
UNDP,,,,,,
Łobez County,,,,,,
Podkarpacie,,,,,,
Lubuskie Province,,,,,,
Brwinów,,,,,,
Christi,,,,,,
Loire,,,,,,
Tricolors,,,,,,
Ossala,,,,,,
Annopol,,,,,,
The Mediterranean Sea,,,,,,
Strzelce,,,,,,
Balcarzowice,,,,,,
the Northern Hemisphere,,,,,,
Osiek,,,,,,
Bulwary,,,,,,
Balkans,,,,,,
Słupsk,,,,,,
Mayon,,,,,,
Philippines,,,,,,
Kerch,,,,,,
Konigsberg,,,,,,
Czech,,,,,,
Cracovia,,,,,,
Xbox,,,,,,
Stargard,,,,,,
SMA,,,,,,
the Europa League,,,,,,
Velikiye Luki,,,,,,
Kansas,,,,,,
Arctic frost,,,,,,
Opole,,,,,,
Wawel,,,,,,
Benfica,,,,,,
Sankt,,,,,,
Inowrocław,,,,,,
Pueblo,,,,,,
Sannazaro,,,,,,
Los Angeles County,,,,,,
California,,,,,,
​​there,,,,,,
Kazan,,,,,,
Gelendzhik,,,,,,
Sochi,,,,,,
Krosno,,,,,,
Bratislava,,,,,,
Merida,,,,,,
Massachusetts,,,,,,
Chota,,,,,,
Alabama,,,,,,
Ursynów,,,,,,
Jamaica,,,,,,
Onet,,,,,,
Łomna,,,,,,
Tulsa,,,,,,
Evros,,,,,,
Jawor,,,,,,
Pisz County,,,,,,
Šamorín,,,,,,
Niedźwiedziach,,,,,,
Puglia,,,,,,
Brindisi,,,,,,
Druzhba,,,,,,
Tatarstan,,,,,,
Kalejkino,,,,,,
Wisła,,,,,,
D.C.,,,,,,
Votkinsk,,,,,,
Krasnodar,,,,,,
Cortina d'Ampezzo,,,,,,
Łagów,,,,,,
auroras,,,,,,
Pasek,,,,,,
Coesfeld,,,,,,
Sahara,,,,,,
Senegal,,,,,,
Andalusia,,,,,,
Asia,,,,,,
Antibes,,,,,,
Motława River,,,,,,
Polkowice,,,,,,
Chile,,,,,,
Otwock,,,,,,
Mikoszewo,,,,,,
Persia,,,,,,
Tokyo,,,,,,
Spanish Andalusia,,,,,,
Kamchatka,,,,,,
Santa Clara,,,,,,
New Jersey,,,,,,
Taipei,,,,,,
Kilauea,,,,,,
Masuria,,,,,,
Końskie,,,,,,
Świętokrzyskie,,,,,,
the North Atlantic,,,,,,
Kyiv,,,,,,
the North Island,,,,,,
Valais,,,,,,
canton,,,,,,
Radziałów,,,,,,
Trondheim,,,,,,
Tromsoe,,,,,,
Domaniewice,,,,,,
Tromso,,,,,,
Berlin-Lichtenberg,,,,,,
Berlin,,,,,,
Proszowice,,,,,,
Wronin,,,,,,
Havana,,,,,,
the Zagnańsk commune,,,,,,
Jaworze,,,,,,
Val d'Isere,,,,,,
Świątek,,,,,,
Zgierz,,,,,,
Palm Jumeirah,,,,,,
Operation Clean River,,,,,,
Pfizer,,,,,,
Kagoshima,,,,,,
Belgorod,,,,,,
KS,,,,,,
Sárbogárd,,,,,,
Magyar,,,,,,
Orbán,,,,,,
Solno,,,,,,
UEFA,,,,,,
Silver Springs,,,,,,
Malta,,,,,,
Solna,,,,,,
Chełm,,,,,,
Fukushima,,,,,,
the Laferriere Citadel,,,,,,
Ekstraklasa,,,,,,
Shenzhen,,,,,,
Rożental,,,,,,
USSR,,,,,,
Giertych,,,,,,
Gulf,,,,,,
Denmark,,,,,,
the Krasnodar Krai,,,,,,
Port Polska,,,,,,
Amazfit,,,,,,
the Red Planet,,,,,,
Estonia,,,,,,
Greenland,,,,,,
Carpathians,,,,,,
Dallas,,,,,,
Crimea,,,,,,
Maya,,,,,,
Poczobut,,,,,,
"Łatwogang"" Garkowski's",,,,,,
Piotr,,,,,,
Far Far West,,,,,,
Nagano,,,,,,
Hokkaido,,,,,,
Tropea,,,,,,
Stryszek,,,,,,
Gibraltar,,,,,,
Otsuchi,,,,,,
Guadeloupe,,,,,,
Bramki,,,,,,
Bucharest,,,,,,
New lakes,,,,,,
Wiewiesta,,,,,,
Dagestan,,,,,,
Lake Ljøgottjern,,,,,,
Katherine,,,,,,
Venus Williams,,,,,,
Reunion Island,,,,,,
People's Republic,,,,,,
Vilnius,,,,,,
Ethiopia,,,,,,
the Mississippi Valley,,,,,,
Kerzers,,,,,,
Vanuatu,,,,,,
Emirates,,,,,,
Northern Territory,,,,,,
Nizhnekamsk,,,,,,
​​customs,,,,,,
Brussels,,,,,,
Trójcy,,,,,,
the Persian Gulf,,,,,,
Zorevunersen,,,,,,
Blue City,,,,,,
Azerbaijan,,,,,,
Paryska,,,,,,
Riyadh,,,,,,
Kona,,,,,,
Oahu,,,,,,
Antalya,,,,,,
Ankara,,,,,,
Meteo,,,,,,
Lubiatów,,,,,,
"the ""orange zone""",,,,,,
​​over,,,,,,
Porto,,,,,,
Easter,,,,,,
the Kikai Caldera,,,,,,
Shuwaikh,,,,,,
Biernatów,,,,,,
New Delhi,,,,,,
the Mokotów district,,,,,,
Herzegovina,,,,,,
Bosnia,,,,,,
the Aegean Sea,,,,,,
Stockholm,,,,,,
Zambia,,,,,,
Orlando,,,,,,
West Bank,,,,,,
Upper Silesia,,,,,,
Sardinia,,,,,,
