domain,sentiment_mean,sentiment_std,subjectivity_mean,subjectivity_std,counting
wiadomosci.wp.pl,0.026483305932710696,0.1903910640528039,0.4233171152947939,0.2385323484758127,444.0
wydarzenia.interia.pl,0.041118326132091015,0.15735835150256183,0.3995024782591747,0.2259922796811192,168.0
sport.interia.pl,0.07429363769710305,0.15098817381462237,0.3748239986544442,0.2554763043394935,101.0
wiadomosci.gazeta.pl,0.02083426339285714,0.178507876391499,0.42337942294973546,0.27328149001611857,96.0
tvn24.pl,0.02322709829852687,0.18266323580094979,0.37306630736987884,0.21586634949464473,91.0
www.sport.pl,0.04770850053504549,0.19344122161260396,0.3558072447995201,0.25933542710342483,89.0
natemat.pl,0.04617717146642766,0.16320069711508065,0.465539163642285,0.19547097227480797,88.0
www.bankier.pl,0.05230846320816967,0.1360720570823583,0.30854642548869554,0.22150562790467168,73.0
spidersweb.pl,0.026134546847238177,0.2253566210559591,0.488961835063557,0.20486529780632592,56.0
geekweek.interia.pl,0.08644588858032254,0.18199693025985778,0.46584882971675423,0.1933084951122901,53.0
next.gazeta.pl,0.08662829119350858,0.19809480565481827,0.5114781082444126,0.20170424585021016,46.0
businessinsider.com.pl,0.06632607511936517,0.18634850840606482,0.4668038344431743,0.2304674121163205,42.0
kobieta.gazeta.pl,0.19245974323020454,0.1575539066701466,0.5359660457212541,0.15029260353157112,40.0
antyweb.pl,0.11788798200256534,0.15258499933160763,0.4895204775933943,0.21834967743520928,24.0
kobieta.interia.pl,0.11996875,0.18533354331546462,0.4052850274725275,0.21910051277335824,20.0
przegladsportowy.onet.pl,0.13178388680033415,0.30046405098623985,0.4787855054302423,0.2653631747860784,19.0
imagazine.pl,0.05077507215007215,0.14940554894767438,0.47917195450748085,0.23078701858254594,19.0
www.filmweb.pl,0.04122775372775373,0.17263890725967754,0.2837317620650954,0.20939901987108597,18.0
android.com.pl,0.01899014656367597,0.25562738569227045,0.46197319837025713,0.24750968010942664,17.0
www.plotek.pl,-0.05047619047619047,0.2670512336918918,0.5220748299319727,0.2435499782621421,14.0
www.money.pl,0.03259842009842011,0.16573376873854168,0.3300535113035113,0.21631654708402745,13.0
motoryzacja.interia.pl,0.0795999746138635,0.19752537112982374,0.48256566992678107,0.15818529657838404,12.0
www.gry-online.pl,0.16877344877344877,0.1540627618435089,0.5380411255411256,0.14739207550941097,7.0
rozrywka.natemat.pl,0.20866883116883117,0.23049540908403238,0.3653841991341991,0.13263225649190802,6.0
kopalniawiedzy.pl,0.16011183261183262,0.17319688269793876,0.4366161616161616,0.17137373115275129,6.0
zdrowie.natemat.pl,0.17602164502164502,0.2215090059484539,0.40885497835497836,0.07160200821646029,5.0
www.benchmark.pl,0.10848299319727892,0.1329406519716321,0.502265306122449,0.29630940774976144,5.0
gry.interia.pl,0.1734375,0.08860700203813007,0.6380208333333333,0.2556671046552094,4.0
www.dobreprogramy.pl,0.25,0.06905595035791913,0.5283333333333333,0.1494062322067665,4.0
www.edziecko.pl,0.18522924826496256,0.27015757358649345,0.36135393046107334,0.15523248896306258,4.0
wiadomosci.onet.pl,-0.020806277056277057,0.03633661030578985,0.1272479256854257,0.19626293702405936,4.0
muzyka.interia.pl,0.22549603174603172,0.0645266190889515,0.43323412698412694,0.37566743482659126,3.0
film.interia.pl,0.13385281385281386,0.1295854889370268,0.35768398268398266,0.35893504480781,3.0
www.purepc.pl,0.03527837902837904,0.1757967786292605,0.5261483886483886,0.3062307566582715,3.0
news.mrugalski.pl,0.18333333333333335,0.25927248643506745,0.3666666666666667,0.5185449728701349,2.0
www.tabletowo.pl,0.07414772727272727,0.10486072152823232,0.2518465909090909,0.356164864501065,2.0
mrvintage.pl,0.0,1.0,0.0,1.0,1.0
www.auto-swiat.pl,0.0,1.0,0.0,1.0,1.0
miejskireporter.pl,0.0,1.0,0.0,1.0,1.0
niebezpiecznik.pl,0.0,1.0,0.0,1.0,1.0
swiatczytnikow.pl,0.0,1.0,0.0,1.0,1.0
gadzetomania.pl,0.0,1.0,0.0,1.0,1.0
di.com.pl,0.0,1.0,0.0,1.0,1.0
astronet.pl,0.0,1.0,0.0,1.0,1.0
zdrowie.gazeta.pl,0.0,1.0,0.0,1.0,1.0
piotrkuc.substack.com,0.0,1.0,0.0,1.0,1.0
