day,sentiment_mean,sentiment_std,subjectivity_mean,subjectivity_std,counting
2025-12-21,-0.09131819910913988,0.03486253151342597,-1.1600406550856526,1.734826131484506,2.0
2025-12-25,0.789376642644989,1.0,0.7898390245573428,1.0,1.0
2025-12-27,2.2451492947475424,1.0,1.668935555758736,1.0,1.0
2025-12-28,-0.10196171211386092,1.0,0.6687192263554285,1.0,1.0
2026-01-06,0.513510879520542,1.0,0.5853082489200548,1.0,1.0
2026-01-08,-0.4920493825451389,1.0,-1.4671575887380686,1.0,1.0
2026-01-11,-0.11671341239399406,1.0,0.2803723627448948,1.0,1.0
2026-01-12,2.0626641154657244,1.0,2.44101822198644,1.0,1.0
2026-01-13,0.49149543576388294,0.8140218977917939,1.2947302683361328,0.9325819594580563,4.0
2026-01-16,0.36967236410553306,1.0,-0.22960368416686527,1.0,1.0
2026-01-17,0.6940252708520888,1.0,0.4722074231057951,1.0,1.0
2026-01-19,-1.9063885339138191,1.0,0.5880198230399508,1.0,1.0
2026-01-20,0.3294718850580823,1.0,0.1985728910316842,1.0,1.0
2026-01-21,0.33583002576845733,1.0,-0.6190684979441687,1.0,1.0
2026-01-22,0.47020454498185565,1.2221565544869333,0.15278041604129525,1.0428686253720356,7.0
2026-01-23,-0.3027198421008562,0.860453064820762,0.001384865605595087,0.9840591262474447,6.0
2026-01-24,-0.2341680533314506,1.1235065260682209,0.10929100119999773,0.9003241923659631,6.0
2026-01-25,0.23507168329095127,1.0989046459954421,-0.2587355998030197,0.7983700613934648,6.0
2026-01-26,0.27318935433894515,1.1363563050865513,0.35005690591013705,1.1609263713887807,8.0
2026-01-27,-1.5211117240097305,1.3048220816021314,0.28082809399132896,1.544936742562477,5.0
2026-01-28,-0.31577993007798616,0.2667516408842523,0.34957698683605076,0.3372090928102619,2.0
2026-01-29,1.0451305268658828,2.0392162300234196,0.1179636127371376,0.28781270215077226,2.0
2026-01-30,-0.12477970709949178,0.3268886735058016,1.2831389690969395,1.4572107264235359,2.0
2026-01-31,-1.1117557879161315,1.0,0.868818613651095,1.0,1.0
2026-02-01,-0.42017678439529527,1.0,-0.882784485119039,1.0,1.0
2026-02-02,-0.20413260286738252,0.9870281099413791,-0.5152407498854027,1.1230619421698247,3.0
2026-02-03,0.09687762901456509,0.5086563433397437,0.066668285518323,1.6165639737066513,3.0
2026-02-04,-0.3947492985095277,0.5943947381694015,0.1765849057735127,0.6289689378658775,3.0
2026-02-05,1.9073399302167204,1.0,0.4917418725169197,1.0,1.0
2026-02-06,0.44239003027705165,1.3324739158860552,0.25548869967708293,1.3946819914243138,6.0
2026-02-07,-1.0795025652930808,1.0,0.8823763395392626,1.0,1.0
2026-02-08,1.1183033126823156,0.8193818241249743,0.159513943283575,0.48589095114431724,2.0
2026-02-09,-0.12249339840909901,0.7357543013228023,0.03858331648984995,0.9753175749614951,6.0
2026-02-10,0.13737528987684747,1.0201751467402296,-0.38871312145365017,1.2131794676842695,5.0
2026-02-11,0.29505662233750896,0.9646188258019178,-0.3229765820107373,0.7941478531842634,4.0
2026-02-12,-0.26088394726119135,1.098190322870478,-0.16842713317013783,1.0608846320390732,9.0
2026-02-13,-0.34748877574958564,0.6960179385981667,-0.20014980355028889,1.1051953537033046,8.0
2026-02-14,-0.8580836609728776,2.0778056272421255,1.0420524120537065,0.7225728223451708,7.0
2026-02-15,-0.49246595831799284,0.7875905912315022,-0.17759361103053614,0.9580781475962942,13.0
2026-02-16,-0.27916414751928703,0.6646025287666336,-0.15003770687850773,0.9108562728331164,15.0
2026-02-17,0.018675506296259445,1.2051922713306658,-0.2094399636034053,1.1059791722987806,12.0
2026-02-18,-0.08594532084688611,1.0727229010315031,0.2943655427592795,0.500259719488119,12.0
2026-02-19,0.018530971226615546,1.2343020735306385,0.2230662553768987,0.8388008032198223,13.0
2026-02-20,0.11759897690907573,0.5612245738612831,-0.2440305296473565,0.8889971637613515,13.0
2026-02-21,0.23500003332852026,0.6518439563777779,-0.3066200222711275,0.9119647778590552,16.0
2026-02-22,-0.11845870325218101,1.3906929346302077,0.675880404931844,0.7787404312904364,11.0
2026-02-23,0.16936893912556195,1.0136799481711622,0.01545207276755051,0.9876527768654585,14.0
2026-02-24,-0.34198128099450475,1.8209886034888636,0.12957415170847034,0.9196760524757833,15.0
2026-02-25,-0.11222255296571704,1.2288912329813184,0.5552626647080469,1.0728989013644583,12.0
2026-02-26,0.052738773347067634,1.0124805269947748,0.2650445145298798,0.6336089190421207,13.0
2026-02-27,0.0990156049212759,0.5625163229208506,0.4028038892505757,0.9078893996877303,11.0
2026-02-28,0.1760047697159839,1.4405648981583494,0.1850395923816166,1.2199026122289898,6.0
2026-03-01,0.17897510036846817,1.269056715124501,-0.08571255984870464,1.1331461119796389,7.0
2026-03-02,0.2607177962348514,1.6255309410633592,0.6359609913760007,1.5016983324299702,4.0
2026-03-03,-0.19940286730631485,1.3592427720487021,0.29181181428184555,1.1804189960193097,8.0
2026-03-04,-0.013703963152928112,1.366944388438603,-0.14580955833411022,0.8635837235592229,18.0
2026-03-05,-0.09188834905847403,0.49383270983937255,-0.39693655587739496,0.7860180123589414,7.0
2026-03-06,-0.2880269132216701,1.0125370172791097,0.14721700682572547,0.8291535799803773,11.0
2026-03-07,0.03374911386761967,0.454434700734069,-0.0584372037122688,0.17536925456855262,4.0
2026-03-08,0.019907801335456183,0.6244200437749601,-0.5573663090941855,0.8486037371705146,3.0
2026-03-09,0.29651108337806165,0.3936418596193801,-0.2063117905552712,0.5909678137380112,10.0
2026-03-10,0.26531545615265667,1.1225321290356722,-0.2114692660380865,0.9284018768834891,9.0
2026-03-11,0.2439999285058811,1.1226453843536335,0.07694673835584513,0.6463079586555743,9.0
2026-03-12,0.1776537713986659,0.9796114679183001,0.4799771098719346,0.35126004891889995,6.0
2026-03-13,0.09579861493437965,0.9006006808312114,0.033422776009176314,0.5468264230150633,5.0
2026-03-14,1.2769797469804067,1.600954994991244,-0.014556839774503227,1.0537386504510178,2.0
2026-03-15,0.30478594810414317,1.0,1.86705210548569,1.0,1.0
2026-03-16,0.02217007461177145,0.6069229087272052,0.32229926115227,1.2495514473193945,6.0
2026-03-17,0.554717805959845,1.5842803230429265,0.9156554727315329,1.0106287831309413,4.0
2026-03-18,-0.4806706411400654,1.3615060950282243,0.15206173229510067,1.6335738495625918,6.0
2026-03-19,0.04721268297196152,1.3572438111707974,0.2889098960825296,0.26759332398890207,4.0
2026-03-20,0.030395857606038097,1.7673476254828853,0.5577879094500242,0.8464619262027546,6.0
2026-03-21,-0.020953300959564602,0.6855019576310876,0.3721686903410825,0.39207182006869934,3.0
2026-03-22,-1.3207689966885,1.138132520760296,0.28965960637826516,0.5608527520725949,5.0
2026-03-23,0.08182908814778656,1.005108705145052,0.6911129793321729,0.49279267118593967,7.0
2026-03-26,-0.5658527435028751,1.0,0.32147792613957266,1.0,1.0
2026-03-27,-0.013719057741727696,1.0,-0.205896889608679,1.0,1.0
2026-03-31,0.2191379532383856,1.6196235968382435,-0.09801430266786311,1.3348028550659683,3.0
2026-04-01,-0.04477945588773226,0.6577451928185961,0.4688063013096734,0.8294944688345278,10.0
2026-04-02,0.03594028649735684,0.7406248920149281,0.20797638595383303,0.7135327316347018,13.0
2026-04-03,-0.14691591790938888,0.6042702054398518,-0.7676770749044678,0.7128214539160237,6.0
2026-04-04,0.443856986413887,1.3717318692804656,0.13492444569006545,0.7740946713090472,6.0
2026-04-05,-0.3751026111334471,1.5139807515240602,0.026985064461815117,0.5709699323593178,4.0
2026-04-06,1.0073407761755575,0.9828047222178719,0.6521307888866945,1.2272753513871162,7.0
2026-04-07,-0.3752187131668667,0.8520931181316429,-0.050053352861729496,0.895371657729993,12.0
2026-04-08,-0.3245631536289021,0.7683397786169521,-0.4061186700089374,0.9747635384193231,5.0
2026-04-09,0.5885019196979832,1.0926751463690205,0.3351905203054516,0.8771755961182762,11.0
2026-04-10,0.11435482923515106,1.0397254215986347,-0.16499106083540502,1.0977455507835108,12.0
2026-04-11,0.28293926186301094,1.549816101091895,0.5206185203859869,0.3359321690648476,6.0
2026-04-12,-0.5216682509004523,1.0395212206202145,0.031396931647408685,0.8033627032192165,11.0
2026-04-13,-0.3597090569156188,1.069153658460167,0.5080608758447724,0.610376813115409,10.0
2026-04-14,1.1413383187800095,1.369219339669204,0.7205919510297054,1.0357213107716527,12.0
2026-04-15,-0.026549221358085226,1.0,-0.6891666682386752,1.0,1.0
2026-04-16,-0.18139876824348378,0.9043848607307463,0.18553302450612447,0.8724459277328497,11.0
2026-04-17,0.023723634998892386,0.801235220196475,0.06354245710174829,1.2172194336914515,5.0
2026-04-18,-0.09331897146716102,0.9375365572223641,-0.209017807708067,0.9084481695731539,12.0
2026-04-19,-0.07594179432191148,0.5446526595922636,-0.0439712731255516,0.35778379778030084,10.0
2026-04-20,0.1063713507909985,1.211638638099109,0.3272434984179884,0.8593111601404808,17.0
2026-04-21,-0.09762889594061973,0.6950020433802794,0.4351874199496959,0.6261172828673572,8.0
2026-04-22,-0.11092354184509054,0.6593019849463275,0.17237302005954586,1.1933693647095605,11.0
2026-04-23,-0.02782983195109896,1.3688199834584773,0.4278858867989724,0.8329094214667112,12.0
2026-04-24,-0.3433439664816128,1.2687576362121726,0.30407031298755316,1.0306932830373097,10.0
2026-04-25,0.3610063780991528,0.9173694961211614,0.5378168168096915,0.6138859478398266,8.0
2026-04-26,0.5959844527046892,1.079148783326799,0.5167054309729167,0.8156437933053288,14.0
2026-04-27,0.13297933237685655,1.0231835239457228,0.14318090922311927,0.8613807327468195,10.0
2026-04-28,0.10575246732740616,1.2628875177858203,0.23304982733674873,1.2292341027408833,17.0
2026-04-29,-0.2722224306665693,1.4250449014215751,0.058516550805003946,0.752270439143812,22.0
2026-04-30,0.5965072109339657,0.7212108689280402,0.03397953211981264,0.9234232193072204,10.0
2026-05-01,-0.33721333625244027,1.3047454322454302,0.36129083017186003,0.6369821952883858,8.0
2026-05-02,-0.06494405119110679,1.0032915269806335,0.1068497851196644,1.059323724814267,11.0
2026-05-03,0.36579142496442085,0.8058613358129343,0.04539306060513994,1.1201488660269794,16.0
2026-05-04,0.18311088595687156,0.8172476177044177,0.08385431603825286,0.6743241258066786,11.0
2026-05-05,0.5169768197199825,1.218738755886699,0.35715508151730363,0.587084642965264,14.0
2026-05-06,-0.04813163091577287,1.041728888575038,0.1961423508469148,0.8303427148303802,19.0
2026-05-07,0.20550734895728437,0.8168559127546802,0.2545983723697653,0.8170782004305407,20.0
2026-05-08,0.07059860108035734,0.5758076701300051,0.17629327666405284,0.9805786780355789,14.0
2026-05-09,-0.4432047227071155,0.8076954411574496,0.49563121625504025,0.7447948932698055,9.0
2026-05-10,-0.22680250534784624,0.4281749591482014,-0.6561836356885434,1.259253370769819,5.0
2026-05-11,-0.7140325680214488,0.5699642684810932,0.1599095081440422,0.8188611232069367,7.0
2026-05-12,0.11179090734379082,1.3164740441834968,1.6939462587564476,1.1998617710431567,2.0
2026-05-13,-0.01833470903764021,0.5639972930717737,-0.19250050025357304,0.4935413347875293,6.0
2026-05-14,0.6773944010369676,1.0506469223769044,0.09680421505470847,0.9021475031903723,7.0
2026-05-15,1.2221903597136192,0.7260266686686989,0.08082381596265151,0.20473879827740796,4.0
2026-05-16,0.526880959481647,0.5704415861085118,1.0936928114342983,0.9830076009892194,2.0
2026-05-17,0.2396996421307698,0.7238826284302654,0.22002295864817006,0.9830962666999912,7.0
2026-05-18,0.3222829958276893,0.5630855083808536,0.19797479782480273,0.9340033084408109,8.0
2026-05-19,0.08284031636472729,0.6567506664417998,0.3820019580345902,0.7351733183170659,5.0
2026-05-20,0.5873068619946312,1.1680307000130463,-0.11042515036832022,1.156850964385128,6.0
2026-05-21,0.051102103562201816,0.829452656712087,-0.19164818167358694,0.6741541791918694,11.0
2026-05-22,-0.5741927750363527,0.9519141241156299,0.08063556004309495,0.7277720286345262,9.0
2026-05-23,0.5054030817645466,0.8498159236644709,0.06488213816815858,1.0006925066766341,6.0
2026-05-24,-0.41271766021910566,0.6527359390370788,0.15566018012818608,0.8219301906229921,3.0
2026-05-25,-0.20611722694371445,0.899550587646915,0.29910276473162045,0.6012726336841857,6.0
2026-05-26,-0.1763271881827898,0.8704664490940073,-0.09780437845457164,0.7574288901419716,11.0
2026-05-27,-0.03405257470966487,1.0,-1.4812125799810352,1.0,1.0
2026-05-28,-0.26630198601367,0.7887756821976393,0.02671641501760273,1.0449523349609997,12.0
2026-05-29,-0.07563849459215628,0.9885873660198429,-0.4018901636490006,0.8829580173172921,14.0
2026-05-30,1.0563843951791956,1.1770802684097983,0.3545008282705867,0.7426562624065824,4.0
2026-05-31,1.1568459532051036,0.13802057471310128,0.3622328478908602,1.4859969506787654,2.0
2026-06-01,-0.43515885335186744,0.5870086719802753,0.28952832603491296,0.7693475310686839,4.0
2026-06-02,0.17761563632664562,1.6211114860245033,0.2888447858754697,0.0527048541850527,2.0
2026-06-03,-0.8135732917744558,1.5290649030385737,0.5374105416543109,0.6059508844275101,5.0
2026-06-04,-1.4283292194252495,0.33765795340226545,-0.6985118635363918,1.5219228414430337,2.0
2026-06-05,-0.6103192190770093,0.03598018733245156,-0.39251032572284794,0.3659875849246567,2.0
2026-06-06,-0.34137633073040285,1.4823434393330708,0.6275534098154623,0.4180026992087551,5.0
2026-06-07,-0.3407328227792826,1.0504983472713503,-0.009084353004577312,0.5763005729554463,7.0
2026-06-08,0.2221888613489622,0.6204175374247072,0.46539321377171117,0.11113013633630403,3.0
2026-06-09,0.6740335975357784,0.4746765350363067,-0.02979216677957297,0.6710254663347542,2.0
2026-06-11,-0.1159697315516131,1.0,-0.922371124279898,1.0,1.0
2026-06-12,0.017067753133395105,0.8586271242399899,-0.6801446128245094,0.40242819442557054,4.0
2026-06-13,0.8297750839323783,1.182263417536578,0.27081717859174637,0.6546084909159207,8.0
2026-06-14,0.22106994157654977,0.5101307760795234,0.3755028604308352,0.6272820799041952,9.0
2026-06-15,0.2209716241717206,0.7460537582576886,0.27315663587164013,0.5402436605391546,6.0
2026-06-16,-0.1254575081551555,1.0945215882532715,0.32489892663375963,0.5114982385858613,4.0
2026-06-17,0.2151696874795495,0.8639418871463084,-0.1640296546625872,0.6529529531090174,4.0
2026-06-18,0.22984777153607322,0.5075075126356933,-0.5925373815129877,0.933888411290363,5.0
2026-06-19,-0.0586967903995544,0.4102151215341694,0.1874674194380395,0.5530099144918789,4.0
2026-06-20,-0.533025572589714,0.18569852127892814,1.4394255268345233,0.0988135411828288,2.0
2026-06-21,0.3530711902480379,1.8867329477930412,0.5098343640863287,0.8731227624926792,13.0
2026-06-22,0.4692871008273895,0.9939735363822744,0.26081250606975515,0.5357898256272043,4.0
2026-06-23,-0.3984198821782215,1.5410989784687392,0.14741474508441307,1.1143567547389637,6.0
2026-06-24,-0.823322894509489,0.3673993401380604,-0.14535188380958455,1.2338549916475914,5.0
2026-06-25,-0.036430095018248246,0.9139191362190968,0.06833850910833283,0.8140228159279848,9.0
2026-06-26,0.21285397732537284,0.8430215822157018,0.16516558773925333,0.9325224772150327,16.0
2026-06-27,-0.2636488744851683,0.7555944068632349,0.20957029710794942,0.9506672634958601,13.0
2026-06-28,-0.21293199043792962,0.7356958408150879,0.1921085974967693,0.5940738184763114,9.0
2026-06-29,0.06726745710619741,0.4807387605021925,-0.27321797597222286,0.7934483779462946,17.0
2026-06-30,-0.0995041106433723,0.8682481293785375,0.36806680137323183,0.5608495892700877,14.0
2026-07-01,-0.05853046367939009,0.9073746627304131,0.16528589283044332,0.9495297423091674,10.0
2026-07-02,0.24880461097828244,1.4566233745777306,1.2140296743876555,0.7741786052340814,6.0
2026-07-03,0.20885038142117265,0.7373175518005337,0.4750369947264084,0.8785293691511805,8.0
2026-07-04,0.46898473956915643,0.16138085777811606,0.40424264806602195,0.03470237458206472,2.0
2026-07-05,-0.38352487698151694,0.2127275369117816,-1.0423576966013428,0.7447439843347967,6.0
2026-07-06,-0.056973601838950526,1.3318507729310176,-0.0639911972778728,0.8703818513691711,14.0
2026-07-07,-0.0010348034337491702,0.8613114853410252,0.12842037843450335,0.7715610691166449,9.0
2026-07-08,0.47597201763598307,1.0422111073229021,0.3411532492002143,0.6255215869262425,9.0
2026-07-09,-0.18618580456503336,1.05698217341356,0.48544455998301694,0.26011627769601353,2.0
2026-07-10,-0.13140604236852474,0.849531891866927,0.05072844804302841,0.8461674226433205,5.0
2026-07-11,-0.07979404788149246,0.6406707361999031,-0.14992665460534055,0.9486264159926866,4.0
2026-07-12,-0.3463489096369244,0.2935414730103638,0.7474917152199096,1.206927097446358,3.0
2026-07-13,-0.10190823626945747,1.2475361090100847,0.0763733578467332,0.6574590319468481,5.0
2026-07-14,0.14821638378912494,0.7930483574839318,-0.022141235949031557,0.45265795624325084,4.0
2026-07-15,0.5709573254631479,1.0131640582536048,0.012646580943649321,0.7272325415767852,5.0
2026-07-16,-0.274164245529115,0.963544752385219,0.6535394910591128,0.7367060953624833,5.0
2026-07-17,0.35660941907026517,0.742530117578591,-0.293805660389291,1.128512368650876,6.0
2026-07-18,-0.15079278549442066,0.23834333942611707,0.6369764886478677,1.0925875945794512,2.0
2026-07-19,1.3052209201438134,0.26567185689943174,0.7309062448353234,1.171571059518243,4.0
2026-07-20,-0.15810422721671585,0.9678945977919686,0.582453356301803,0.6353471142767735,5.0
2026-07-21,0.018051771949831357,0.87795622947039,0.005420174300536114,1.4653441054048906,3.0
2026-07-22,-0.9635793281625972,2.1088757269183005,0.5421505210150386,0.9288437066730104,3.0
2026-07-23,-0.6019024600031089,1.2310073004325102,0.15883360472797584,0.32906578469592174,4.0
2026-07-24,0.009668382953234392,0.5977156668503306,-0.17229470526724464,0.8087393445904117,6.0
2026-07-25,-0.9490326703747168,0.8921944332120963,0.2769978669387521,1.6929224123886053,3.0
2026-07-26,-0.19572731253360834,0.11666754887163298,-0.2566106138031182,0.61435637000355,3.0
2026-07-27,-0.3000242163090626,0.9762645048145246,-0.5685625398464287,1.1738880442732624,4.0
2026-07-28,0.42696146538769497,0.9433404064487115,0.03214476947046224,1.3497917536470114,8.0
2026-07-29,0.061910416095232554,0.739510773574061,-0.040232453866818396,0.8301466344350504,5.0
2026-07-30,0.6944399286824477,0.19207567309040702,-0.18833977643435393,0.15202694303878078,3.0
2026-07-31,-0.15753570469503772,0.7883313434299591,0.06235496122134168,0.6705669797896869,6.0
2026-08-01,0.2957430388706452,0.8925532553234123,0.6875328415290515,0.5203389586645512,5.0
2026-08-02,-0.19136080584285517,0.5708009346595253,0.3484336026616203,0.86628876104566,3.0
2026-08-03,0.22556673659107018,0.9460342627319096,0.54833873091707,0.6816004539481219,11.0
2026-08-04,-0.26578449184858305,0.8341760158802861,-0.5622274406785283,0.8069344388961397,7.0
2026-08-05,0.11111134851595522,0.8936717044194333,0.45035374270179473,0.7663189415763323,13.0
2026-08-06,-0.16712293741191314,0.6536159227567607,0.09437484963525193,1.0295464150177174,7.0
2026-08-07,-0.21690369531020073,0.47614524289552607,0.607587863272656,0.7092037699990701,5.0
2026-08-08,0.3979573115811391,0.6960923232131121,-0.1451573648826365,0.8937622498225616,4.0
2026-08-09,0.25282091472933665,0.6004729195888255,1.0554548580620402,0.9166101679069658,5.0
2026-08-10,-0.06728422135403257,0.7336124991525741,-0.355871208258152,1.034870234518366,7.0
2026-08-11,-0.4168518021153481,1.0351741375141301,-0.5130141605743153,0.8982936424401167,9.0
2026-08-12,0.05725481792335405,0.41596482275771973,0.08667096982941333,0.918210271880485,5.0
2026-08-13,0.293335646035714,1.3146566061500982,-0.2769778859807685,0.5167289484854665,6.0
2026-08-14,-0.6387524527854217,1.182225369475789,0.6443800012471388,0.6370021917233579,3.0
2026-08-15,0.35902439893280946,0.42034729660208586,0.19049157719482251,0.7072084583676029,4.0
2026-08-16,-0.24652035350690185,0.7876652650197912,-0.7532698677887323,0.5690594749698094,3.0
2026-08-17,-0.12167303679149144,0.21583968842544216,-0.91659534808054,1.2102259920242777,4.0
2026-08-18,-0.5918268971519288,0.7200465701548554,-0.6410950110705759,1.1195430793509902,6.0
2026-08-19,0.20042134459459535,0.37594000492183816,-0.23919050231912023,1.0592068060873876,6.0
2026-08-20,0.5878033074850135,1.3816683741163447,-0.35807235970141954,1.7695380417727955,5.0
2026-08-21,0.0024352452503659805,0.6785820370292287,-0.5390202567230232,1.0181947955110595,11.0
2026-08-22,-0.131637485219185,0.012924626194544342,-1.6995302015443288,0.13015257397316748,3.0
2026-08-24,-0.6863346489602368,0.47346189231255603,-0.8977939589607494,1.3337596700414374,3.0
2026-08-25,-0.3654292750427284,0.17906787329904825,-1.411069458460422,0.07932059452679682,2.0
2026-08-26,-0.4270404379353041,0.43650989880386776,-1.610752195996741,0.46009046404109166,13.0
2026-08-27,-0.07016258644980294,0.23953108879010063,-1.6430506933139064,0.28926935653451097,8.0
2026-08-28,9.134059775904035e-05,0.5154159351245616,-1.200690649919144,0.9537024737736516,5.0
2026-08-29,-0.314167555510272,0.24605286302898705,-1.4816089466553095,0.6007453372322811,5.0
2026-08-30,-0.12956605512098085,0.366337023849429,-1.2641415680342871,0.8240188195596505,4.0
2026-08-31,-0.026918441453281112,0.47909673710653555,-0.5547914184828586,1.2283455799606116,7.0
2026-09-01,-0.22651636974410644,0.06181861886261328,-1.5657552959534171,0.19810225876552,5.0
2026-09-02,-0.36871144179915083,0.19903271114626372,-1.8839013103746869,0.480755490598957,3.0
2026-09-03,-0.25270187550116857,0.14419773101975106,-1.5520995652752827,0.20686234469069856,5.0
2026-09-04,-0.3019941431753049,0.14065227944273764,-1.5980188483623263,0.18800974715737867,8.0
2026-09-05,-0.29018163149489173,0.14778975356221877,-1.7488639561588462,0.45550131546386113,4.0
2026-09-06,-0.13909952163178047,1.0,-1.7746738251634597,1.0,1.0
2026-09-07,-0.3723554186716108,0.12289457199118448,-1.4142516984155622,0.04904802823598782,5.0
2026-09-08,-0.4920493825451389,1.0,-1.4671575887380686,1.0,1.0
2026-09-09,-0.5546931603775508,0.4501962583598626,-1.4127819768491925,0.39191900659994927,3.0
2026-09-10,-0.2654964758746462,0.13037323573480894,-1.6120617359176634,0.6386207377422327,10.0
2026-09-11,-0.6323273505083031,0.19838300479564536,-1.8545341430176472,0.5478331768075374,2.0
2026-09-12,-0.3993903296640781,0.22412470073212973,-1.6483113337018143,0.2100714384986144,7.0
2026-09-13,-0.1159697315516131,1.0,-2.386747976837972,1.0,1.0
2026-09-14,-0.34245719064265745,0.1782252774535103,-1.5202463240738273,0.17545013771134269,4.0
2026-09-15,-0.4920493825451389,1.0,-1.4671575887380686,1.0,1.0
2026-09-16,-0.2831688855697656,0.29540163173780526,-1.6668214824247376,0.28236738636790715,2.0
2026-09-17,-0.4920493825451389,1.0,-1.4671575887380686,1.0,1.0
2026-09-19,-0.25674947526956665,0.20377569720876848,-1.6721684130216625,0.17754458188038022,3.0
2026-09-20,-0.24148235987702238,0.03065126701339234,-1.6083316772726652,0.19451571058294473,4.0
2026-09-21,-0.001269523470756558,0.5188690282895326,-1.6529369050624265,0.9495847686930994,3.0
2026-09-23,-0.647312665877195,1.0,-1.849767589963434,1.0,1.0
