week,sentiment_mean,sentiment_std,subjectivity_mean,subjectivity_std,counting
2025-50,-0.09131819910913988,0.03486253151342597,-1.1600406550856526,1.734826131484506,2.0
2025-51,0.9775214084262235,1.1848127950442822,1.042497935557169,0.545880545890738,3.0
2026-01,-0.03175063847286367,0.5081356756572796,-0.20049232569103967,1.1075094311683567,3.0
2026-02,0.727477641925554,0.8289061018237946,1.1232204334671287,1.0580904081949838,7.0
2026-03,0.008551711390627752,1.0822615939671845,0.012451026086856134,0.8608360168199549,28.0
2026-04,-0.2734683132510337,1.315465643075707,0.3662851896719073,1.1170953681480298,21.0
2026-05,0.22172480815071297,1.077204275362191,0.12684819057395416,1.0688153577989254,19.0
2026-06,-0.31546858207714956,1.0962566965667853,-0.02183393696782069,1.028809468627654,52.0
2026-07,-0.008348433305983748,0.9668817078829502,0.011138803033577912,0.9025741803268721,92.0
2026-08,-0.0002768547977847992,1.2208146765773213,0.22063800483157514,0.9432070432829313,78.0
2026-09,-0.0802875949024484,1.1135202204372123,-0.014750002335375142,0.9256462070508827,55.0
2026-10,0.2845859628770549,0.915982058280983,0.03835938834574496,0.7324776687151331,42.0
2026-11,-0.20081209365080893,1.3014229760740794,0.3992929116339763,0.9740168260851035,34.0
2026-12,-0.0007520204677885419,0.8964308048227888,0.5503746546506783,0.5267896869085943,9.0
2026-13,0.02281140456658746,0.9352984506290787,0.08116994297747193,0.8343320252659873,42.0
2026-14,0.07392201540397983,1.1212234713654758,0.11109316096240539,0.9416798995706143,64.0
2026-15,0.10354764193994972,1.0862404851410452,0.20408515793261156,0.8813831515391689,61.0
2026-16,0.09089448187569472,1.0925057294889537,0.38315607991149925,0.8595693251603883,80.0
2026-17,0.058982292014028076,1.146835185333216,0.12566786003444214,0.9516763891265824,94.0
2026-18,0.09035941953666389,0.9066601787677884,0.19988162361194678,0.8281935792988824,92.0
2026-19,0.2136436355515295,0.9249719040269009,0.23087791930397442,0.8669154468814426,35.0
2026-20,0.07718667487916557,0.8878227630469114,0.04802334754027832,0.8208224423331951,48.0
2026-21,-0.018513765514197537,0.9476058656095616,-0.07851680913204617,0.8934711122826452,50.0
2026-22,-0.504539958879184,1.109701671366247,0.19685139939588656,0.6945563910470469,27.0
2026-23,0.3923987113240143,0.8305470648214504,0.11998921869590885,0.6773250181323054,27.0
2026-24,0.16113169701197663,1.218373404883705,0.252007827897186,0.8231532118485949,38.0
2026-25,-0.11122606229861355,0.9090287479776545,0.1437430048615305,0.8663290523696006,62.0
2026-26,0.015327547928452845,0.7813569911950473,0.12380796312163614,0.9282137191696611,63.0
2026-27,0.02367782088402964,1.0076550632828931,0.13473012552699526,0.8021392965012571,46.0
2026-28,0.2782659476608832,0.9367542288095919,0.19545084515331076,0.8709931286140495,31.0
2026-29,-0.3485549368792549,1.0006364502780383,0.15621136348781764,0.8845392679011922,27.0
2026-30,0.13434956685421323,0.810201809194844,0.06099474060879406,0.9303472072105221,34.0
2026-31,0.05128355715011449,0.7863600239227837,0.31434501355867506,0.8890318949042355,52.0
2026-32,-0.09178617907651458,0.9043137725648944,-0.21355247731240368,0.8450349712002317,37.0
2026-33,-0.007549533799669385,0.7642615299596454,-0.6218934199929622,1.141881853462936,35.0
2026-34,-0.2747833544192508,0.40845789976135,-1.4516942285820347,0.6367906892925365,40.0
2026-35,-0.22443738893365398,0.26047699457729523,-1.4145090485862128,0.7416913159304523,33.0
2026-36,-0.37411129158617495,0.2231010933918784,-1.604530171356071,0.44774472091240597,29.0
2026-37,-0.31042954427448183,0.1620500028405857,-1.5865850257851049,0.17556092718090205,15.0
2026-38,-0.16278030907236618,0.5327535213160763,-1.7021445762876786,0.781553837931592,4.0
